Nombre,Marca,Categoria,CodigoBarras,Stock,PrecioVenta,PrecioMercado,PrecioCosto,Vendidos
Fideos,Jumbo,Comestibles,2353181394910,87,76.12,80.30,45.94,0
Té,Cristal,Comestibles,8694202239400,49,26.51,27.42,18.43,0
Servilletas,Savital,Otros,3178851572893,80,54.76,57.95,33.61,0
Fideos,Carozzi,Comestibles,4974237201580,30,84.06,93.02,63.79,0
Café,Elite,Comestibles,8986622965516,14,71.04,74.72,50.42,0
Esponja,San Jorge,Limpieza,9006729568797,58,18.98,20.49,12.10,0
Esponja,Nivea,Limpieza,3169822832649,36,79.75,84.94,58.47,0
Pera,Coca-Cola,Comestibles,3766718186173,48,64.07,70.06,44.26,0
Mantequilla,Soprole,Comestibles,6839419741913,80,73.93,85.91,58.85,0
Jamón,Duracell,Comestibles,7482125949392,50,52.58,50.91,44.62,0
Carne de vacuno,Cristal,Comestibles,8074622215047,84,69.50,67.47,52.40,0
Plátano,Tottus,Comestibles,3302054581082,51,44.76,47.77,37.69,0
Jamón,Colún,Comestibles,6291551712273,32,30.84,28.03,24.36,0
Manzana,Kimberly-Clark,Comestibles,9423377234128,91,31.39,32.60,21.22,0
Microondas,Ballerina,Electrodomésticos,7318295660226,42,52.71,54.98,39.17,0
Tomate,Lucchetti,Comestibles,2055021607388,72,4.72,5.56,3.18,0
Desodorante,Coca-Cola,Higiene,6773842734148,11,16.26,15.32,11.30,0
Queso,Nestlé,Comestibles,5300297078152,62,55.91,50.61,39.12,0
Pollo,Watts,Comestibles,5548992836592,91,99.23,110.15,68.97,0
Tabla de picar,Carozzi,Cocina,8058568127735,34,81.72,86.40,65.00,0
Limpiavidrios,Carozzi,Limpieza,6424925047017,93,13.65,14.33,8.99,0
Rallador,Unilever,Cocina,5533432843738,17,61.04,59.58,42.16,0
Desinfectante,Coca-Cola,Limpieza,8971051249121,43,75.95,77.39,51.93,0
Pera,Kimberly-Clark,Comestibles,7501267975496,95,73.67,82.54,55.80,0
Papa,Super Pollo,Comestibles,7864994916341,22,30.84,29.14,19.70,0
Servilletas,Cristal,Otros,7780062505766,48,1.80,2.02,1.34,0
Harina,Elite,Comestibles,5315062859942,53,67.03,79.08,46.24,0
Microondas,Lucchetti,Electrodomésticos,9850159471920,95,87.30,103.49,63.12,0
Pan,Axion,Comestibles,4664430222248,83,81.88,92.95,64.23,0
Microondas,Nivea,Electrodomésticos,6915637663056,59,22.04,22.22,14.23,0
Encendedor,Unilever,Otros,9605669571236,20,82.57,82.94,54.35,0
Hervidor,Lucchetti,Electrodomésticos,9378153032041,72,19.71,18.87,15.11,0
Café,La Fête,Comestibles,2220857948726,19,75.05,77.81,52.77,0
Jamón,Nestlé,Comestibles,3492006662092,72,66.40,67.55,44.56,0
Desodorante,Unilever,Higiene,8275208803306,18,13.35,14.83,8.05,0
Cloro,Nestlé,Limpieza,5040424577836,90,36.74,35.77,30.06,0
Galletas,Savital,Comestibles,2033152387092,50,95.96,86.40,65.50,0
Pollo,Savital,Comestibles,8728500918396,99,17.59,18.05,11.86,0
Sal,San Jorge,Comestibles,4669240121411,40,95.24,88.37,67.16,0
Pera,Tottus,Comestibles,7129865255700,15,58.04,66.40,47.41,0
Tostadora,Carozzi,Electrodomésticos,9578945675074,46,30.72,30.93,25.44,0
Pera,Savital,Comestibles,7237001465109,13,95.32,97.58,60.18,0
Cuchillo,Dos Alamos,Cocina,7275491463934,82,74.19,69.05,60.53,0
Refrigerador,Unilever,Electrodomésticos,9957720692618,40,57.97,54.34,39.21,0
Cloro,Energizer,Limpieza,4044536916608,53,66.82,67.62,51.12,0
Tomate,Energizer,Comestibles,6982507792667,11,84.17,77.86,63.62,0
Microondas,Super Pollo,Electrodomésticos,4073523020747,33,37.09,37.48,24.66,0
Papel higiénico,Lucchetti,Higiene,9309752807908,89,92.43,90.41,56.30,0
Harina,PF,Comestibles,5634325764106,88,58.97,70.04,38.39,0
Mantequilla,Elite,Comestibles,7712944975394,10,88.66,98.44,56.55,0
Tomate,Kimberly-Clark,Comestibles,3778892805672,34,40.81,38.74,28.43,0
Té,Lider,Comestibles,7875864292311,36,0.94,1.06,0.74,0
Cloro,San Jorge,Limpieza,1164046532457,11,61.53,64.17,47.32,0
Té,Unilever,Comestibles,2253457201994,68,75.97,71.44,47.19,0
Zanahoria,Pepsi,Comestibles,7915383344443,43,66.53,69.58,50.92,0
Tostadora,Dos Alamos,Electrodomésticos,5052228501990,14,57.66,54.09,36.85,0
Cereal,Ballerina,Comestibles,6801951922322,75,79.08,86.16,56.03,0
Bolsa de basura,PF,Otros,7360858852666,58,43.43,47.62,28.73,0
Pollo,Coca-Cola,Comestibles,7254459790892,22,91.76,99.84,66.73,0
Huevos,PF,Comestibles,3348317427737,59,96.78,101.27,61.58,0
Mantequilla,Axion,Comestibles,9114125769785,58,57.84,59.87,48.56,0
Servilletas,Costa,Otros,8833928375913,26,45.37,46.11,35.52,0
Café,Nivea,Comestibles,7508209589457,63,58.22,55.29,44.59,0
Queso,Jumbo,Comestibles,2403537898037,96,54.92,55.46,40.67,0
Cereal,Jumbo,Comestibles,2750842697392,47,88.56,103.01,59.53,0
Servilletas,Coca-Cola,Otros,8593248003261,89,65.21,69.60,41.85,0
Galletas,Capel,Comestibles,7805614098424,27,16.01,15.65,10.37,0
Sartén,Lucchetti,Cocina,4066900760132,83,46.66,43.55,31.79,0
Refrigerador,Dos Alamos,Electrodomésticos,9929209546679,62,12.24,12.01,7.53,0
Cuchillo,Colún,Cocina,5610610957043,64,19.09,19.78,14.13,0
Carne de vacuno,PF,Comestibles,2416458804021,61,77.16,75.11,53.45,0
Esponja,Nestlé,Limpieza,2917278210047,60,58.71,54.61,49.73,0
Taza medidora,Lider,Cocina,3184434313719,64,57.10,55.12,37.37,0
Cuchillo,Super Pollo,Cocina,1806390184290,93,17.55,16.76,14.02,0
Microondas,Super Pollo,Electrodomésticos,5834675383893,38,28.19,25.64,22.24,0
Galletas,Carozzi,Comestibles,5584150536864,41,88.37,101.67,66.91,0
Detergente,Carozzi,Limpieza,7086873856894,68,3.85,4.48,2.85,0
Lavaloza,Unilever,Limpieza,3706876008490,99,39.56,45.65,24.97,0
Lavaloza,Energizer,Limpieza,9518432811947,20,88.05,100.23,64.82,0
Taza medidora,Jumbo,Cocina,3978029471265,21,8.54,10.19,5.27,0
Leche,Colún,Comestibles,7321507152449,25,68.80,79.37,48.30,0
Azúcar,San Jorge,Comestibles,8523318576013,91,57.23,64.46,36.93,0
Desinfectante,Jumbo,Limpieza,5919137833947,22,76.96,88.21,47.98,0
Aceite,PF,Comestibles,2531984257582,99,26.88,26.10,22.46,0
Fósforos,Axion,Otros,2750962049301,15,3.82,4.46,2.40,0
Mantequilla,Cristal,Comestibles,3591394497053,66,72.87,85.92,58.03,0
Pollo,Dos Alamos,Comestibles,1940850557064,58,85.96,101.28,65.90,0
Manzana,Watts,Comestibles,4427527564315,64,85.39,83.49,68.08,0
Olla,Axion,Cocina,1459164218306,34,21.74,21.75,15.29,0
Pera,Carozzi,Comestibles,3685276438664,84,29.58,31.51,19.76,0
Huevos,Duracell,Comestibles,4472567441613,75,81.37,96.48,56.38,0
Pasta dental,PF,Higiene,1798178249790,12,70.41,63.52,54.89,0
Cereal,Johnson & Johnson,Comestibles,1909951199786,49,34.67,40.98,24.20,0
Carne de vacuno,Axion,Comestibles,5432276860774,53,28.09,31.33,17.17,0
Refrigerador,Costa,Electrodomésticos,1943323568323,85,89.53,89.63,60.10,0
Toallas femeninas,Pepsi,Higiene,8811279449055,78,94.03,95.10,58.83,0
Cebolla,Johnson & Johnson,Comestibles,3900566018999,94,80.41,73.83,60.12,0
Cereal,Watts,Comestibles,2261854211110,32,34.94,40.42,22.05,0
Mantequilla,Nestlé,Comestibles,7913047117731,92,4.69,4.47,3.74,0
Shampoo,Watts,Higiene,1422418623869,61,98.49,101.00,77.77,0
Café,Kimberly-Clark,Comestibles,8171140377629,16,58.98,68.70,38.82,0
Olla,Ballerina,Cocina,7497821935798,43,79.26,84.93,52.89,0
Cepillo de dientes,Watts,Higiene,1811758930155,11,48.41,53.50,38.81,0
Pescado,Jumbo,Comestibles,5250329974027,45,91.64,92.26,67.26,0
Harina,Coca-Cola,Comestibles,6743748728666,58,98.90,89.65,70.82,0
Sartén,Capel,Cocina,4635697886293,95,63.30,59.95,40.53,0
Refrigerador,Unilever,Electrodomésticos,4397820352279,28,74.61,70.47,59.77,0
Olla,Cristal,Cocina,9397466021809,61,43.98,52.45,29.47,0
Arroz,Soprole,Comestibles,6912935996825,25,41.39,37.61,30.29,0
Papa,Unilever,Comestibles,1542383725850,99,12.73,12.31,9.34,0
Pera,Super Pollo,Comestibles,6886261897773,63,89.09,103.40,65.36,0
Olla,Jumbo,Cocina,2681994246841,33,96.67,99.00,63.79,0
Aceite,Dos Alamos,Comestibles,4043434613174,42,25.35,23.69,16.09,0
Tomate,PF,Comestibles,3215075920462,92,85.49,92.58,68.13,0
Microondas,Energizer,Electrodomésticos,5133211296365,53,11.78,11.82,8.75,0
Plátano,Unilever,Comestibles,2301871444493,64,13.59,13.54,10.18,0
Tomate,Unilever,Comestibles,6650064609998,40,93.01,108.30,63.72,0
Papa,Costa,Comestibles,4322191299542,89,38.97,45.81,24.78,0
Refrigerador,Pepsi,Electrodomésticos,8761436194758,71,49.91,51.13,37.32,0
Papel higiénico,Ballerina,Higiene,3482848808528,62,24.48,22.73,18.77,0
Leche,Jumbo,Comestibles,4451721877268,33,67.13,66.93,40.92,0
Arroz,Pepsi,Comestibles,9837724253670,77,98.10,106.04,63.26,0
Cloro,Super Pollo,Limpieza,5319592442205,86,93.38,104.80,68.76,0
Harina,Axion,Comestibles,7587909372048,78,71.51,74.05,58.72,0
Naranja,Lucchetti,Comestibles,4787069461885,32,19.29,21.25,12.53,0
Sartén,Carozzi,Cocina,4093298571346,66,32.57,29.94,24.84,0
Galletas,Cristal,Comestibles,3196785652718,81,53.00,53.62,32.50,0
Hervidor,Kimberly-Clark,Electrodomésticos,1865851707081,66,50.29,45.56,30.37,0
Mantequilla,Super Pollo,Comestibles,6360749053925,74,96.14,109.86,81.42,0
Pasta dental,Axion,Higiene,5786844923889,40,91.61,98.76,69.99,0
Jamón,Escudo,Comestibles,3175963657177,72,21.00,20.32,14.31,0
Licuadora,Kimberly-Clark,Electrodomésticos,7188127511309,98,77.15,73.96,51.31,0
Pilas,Watts,Otros,8644192168821,53,68.87,63.56,58.28,0
Refrigerador,Ambrosoli,Electrodomésticos,7803000495114,31,2.81,2.96,2.27,0
Café,Capel,Comestibles,1150576810417,96,54.49,60.83,35.71,0
Toallas femeninas,San Jorge,Higiene,1587719696793,34,74.49,72.73,59.96,0
Toallas femeninas,Lucchetti,Higiene,3050476435542,46,29.78,28.32,25.10,0
Tabla de picar,Colún,Cocina,2865498046916,82,56.29,65.41,41.97,0
Queso,Duracell,Comestibles,6061270553396,35,33.13,37.13,23.43,0
Cuchillo,Unilever,Cocina,3625758514703,47,62.34,72.38,44.47,0
Taza medidora,Costa,Cocina,8615208789996,26,29.06,30.70,23.66,0
Jamón,Savital,Comestibles,9742878753739,87,96.14,110.68,66.02,0
Servilletas,Colún,Otros,8537307957710,89,1.25,1.27,0.76,0
Taza medidora,La Fête,Cocina,4711418220676,46,33.39,37.11,25.86,0
Yogur,PF,Comestibles,8930859901980,90,42.45,42.59,34.11,0
Queso,PF,Comestibles,2036566948216,56,52.33,62.39,32.68,0
Fósforos,Costa,Otros,9042591854573,36,35.25,42.29,27.07,0
Lavaloza,PF,Limpieza,5707841041137,47,16.49,15.85,12.92,0
Microondas,Kimberly-Clark,Electrodomésticos,5531212416056,55,45.27,46.06,31.08,0
Desinfectante,Kimberly-Clark,Limpieza,1903221088560,96,48.93,49.56,30.80,0
Pera,La Fête,Comestibles,3935454818408,69,99.61,94.68,68.01,0
Café,Kimberly-Clark,Comestibles,6174132877484,61,86.59,80.07,71.21,0
Huevos,Energizer,Comestibles,5993605843462,26,32.88,36.19,20.69,0
Cereal,San Jorge,Comestibles,4165662630463,10,71.49,79.66,45.04,0
Tomate,Ideal,Comestibles,4149974794154,62,25.95,29.51,18.63,0
Pasta dental,Lider,Higiene,2438531114956,44,90.07,99.58,63.81,0
Cereal,Ideal,Comestibles,9712281365612,15,50.08,47.46,41.09,0
Pollo,Ballerina,Comestibles,5426391710908,18,89.82,87.37,54.40,0
Bolsa de basura,Nivea,Otros,3654730342041,93,56.45,57.73,46.62,0
Shampoo,Ambrosoli,Higiene,6275952333581,62,53.17,59.67,39.11,0
Rallador,Super Pollo,Cocina,6016887897287,22,28.38,33.67,20.73,0
Pan,Nestlé,Comestibles,1090705583071,44,47.01,42.88,32.57,0
Pasta dental,Ambrosoli,Higiene,1616635962103,26,34.23,33.55,23.14,0
Fideos,San Jorge,Comestibles,7089810467566,57,49.96,56.72,39.06,0
Cuchillo,Pepsi,Cocina,6200774306100,39,44.05,49.78,26.48,0
Cepillo de dientes,San Jorge,Higiene,1000784943648,76,3.12,3.48,2.01,0
Pasta dental,Capel,Higiene,4258849636960,62,71.53,71.25,52.03,0
Esponja,Carozzi,Limpieza,2541595284126,39,69.61,81.23,52.26,0
Servilletas,Johnson & Johnson,Otros,4138369489834,75,62.84,69.25,37.77,0
Manzana,Ballerina,Comestibles,4445850389115,99,22.11,26.11,15.61,0
Desinfectante,Energizer,Limpieza,5130666699619,89,65.84,63.21,55.29,0
Papa,Duracell,Comestibles,7060385808643,35,95.71,87.36,78.45,0
Desinfectante,Nivea,Limpieza,6957426662402,39,45.77,44.16,31.22,0
Té,Dos Alamos,Comestibles,4252845813594,76,92.26,89.86,75.37,0
Licuadora,Nestlé,Electrodomésticos,7283100608234,34,22.61,25.06,16.88,0
Cebolla,Ballerina,Comestibles,2406048145153,25,42.30,38.93,29.20,0
Leche,Capel,Comestibles,1025745495916,72,90.74,89.30,64.64,0
Bolsa de basura,Elite,Otros,2112598867652,75,88.75,87.29,62.53,0
Café,Nivea,Comestibles,8039681724812,75,32.93,39.04,27.88,0
Jabón,Duracell,Higiene,7526302387858,84,8.05,9.40,6.40,0
Queso,PF,Comestibles,8111659272151,75,12.36,13.41,8.41,0
Pan,Unimarc,Comestibles,5753485770447,86,28.84,26.74,22.06,0
Huevos,Kimberly-Clark,Comestibles,4139790130168,38,54.91,60.97,42.31,0
Jabón,Super Pollo,Higiene,9635566489217,12,67.60,77.94,41.24,0
Pescado,Duracell,Comestibles,3796792856349,12,16.09,16.93,12.44,0
Queso,Soprole,Comestibles,7424743656054,74,84.41,90.85,66.65,0
Pescado,San Jorge,Comestibles,3501862053413,57,51.46,58.39,33.67,0
Toallas femeninas,Lucchetti,Higiene,6519215790948,83,78.42,82.06,49.31,0
Pescado,Kimberly-Clark,Comestibles,4926124191066,16,7.07,6.62,4.47,0
Taza medidora,Axion,Cocina,1979062780947,92,80.74,76.51,61.55,0
Té,Tottus,Comestibles,3384532265447,95,96.09,108.93,76.02,0
Galletas,Nivea,Comestibles,4545627233826,34,41.29,38.76,26.04,0
Azúcar,Unilever,Comestibles,4462796495981,99,97.51,105.03,66.10,0
Tabla de picar,Ideal,Cocina,5392567612523,63,87.75,83.16,57.30,0
Manzana,Nestlé,Comestibles,4227742472583,58,18.00,18.76,14.00,0
Carne de vacuno,Ballerina,Comestibles,2100433923684,23,39.56,40.60,30.66,0
Pera,Savital,Comestibles,9422460497936,74,20.51,21.99,16.80,0
Azúcar,Cristal,Comestibles,7250327028798,34,21.43,21.19,17.70,0
Refrigerador,Carozzi,Electrodomésticos,4425347611027,96,20.98,19.14,14.28,0
Azúcar,Lucchetti,Comestibles,9346047564925,40,16.55,19.18,12.22,0
Fósforos,Ballerina,Otros,9850376455706,72,71.04,69.50,52.33,0
Galletas,Cristal,Comestibles,2566692989696,25,8.55,9.97,6.07,0
Jabón,Carozzi,Higiene,6644551573859,40,91.25,92.76,72.54,0
Limpiavidrios,Watts,Limpieza,8158376805110,36,32.83,33.05,22.46,0
Zanahoria,Duracell,Comestibles,7857768550963,67,63.37,70.14,40.04,0
Licuadora,Watts,Electrodomésticos,3193787312311,68,41.84,41.66,27.68,0
Café,Nestlé,Comestibles,4262631368242,16,38.55,42.39,23.77,0
Leche,Super Pollo,Comestibles,6750810529669,40,97.89,108.70,75.76,0
Cuchillo,Dos Alamos,Cocina,2914835953359,44,50.61,56.34,41.77,0
Aceite,Soprole,Comestibles,8516223642409,94,26.34,27.29,18.98,0
Limpiavidrios,Watts,Limpieza,8363392853724,29,67.30,63.50,44.78,0
Fideos,San Jorge,Comestibles,3645513957366,65,79.88,78.50,62.17,0
Azúcar,Colún,Comestibles,3714274533065,99,3.04,3.54,2.31,0
Manzana,Kimberly-Clark,Comestibles,4277908858105,84,24.61,22.69,20.59,0
Licuadora,Escudo,Electrodomésticos,8380188014538,76,12.02,13.77,8.57,0
Lavaloza,Soprole,Limpieza,7198611813094,67,17.41,18.68,13.79,0
Naranja,Super Pollo,Comestibles,2473036749148,10,90.13,98.00,62.33,0
Jabón,Lucchetti,Higiene,6400163995497,27,48.49,49.78,41.11,0
Queso,Coca-Cola,Comestibles,6191888025379,45,60.93,56.72,48.20,0
Mantequilla,Costa,Comestibles,9549996478536,75,34.99,35.01,22.79,0
Pilas,Nivea,Otros,1725488270406,30,5.57,6.44,4.48,0
Café,Energizer,Comestibles,1109309089249,98,97.65,88.91,59.84,0
Refrigerador,Colún,Electrodomésticos,5477866491998,31,44.96,43.67,28.30,0
Shampoo,Elite,Higiene,6631030745018,29,83.31,94.89,59.80,0
Cuchillo,Costa,Cocina,2172126800448,71,66.01,62.28,44.38,0
Cuchillo,Soprole,Cocina,8818935763973,30,11.60,10.48,8.42,0
Cuchillo,PF,Cocina,8346705160137,48,5.70,5.99,4.58,0
Té,Elite,Comestibles,5610015532350,45,88.16,88.52,69.01,0
Arroz,Kimberly-Clark,Comestibles,1164587256053,45,26.94,28.38,19.13,0
Tostadora,Duracell,Electrodomésticos,2289818469942,46,99.64,93.16,64.01,0
Leche,Johnson & Johnson,Comestibles,1883511635362,94,80.08,87.13,60.91,0
Pilas,Cristal,Otros,4127868688338,34,47.61,53.30,38.03,0
Tostadora,Ambrosoli,Electrodomésticos,7868800068885,98,73.00,79.79,58.65,0
Plátano,Capel,Comestibles,5658456092366,34,27.97,26.03,18.30,0
Zanahoria,Ambrosoli,Comestibles,8522838827913,30,69.27,80.57,47.15,0
Encendedor,Elite,Otros,1618574761117,26,2.25,2.28,1.55,0
Desodorante,Pepsi,Higiene,6443753549988,26,8.84,9.48,5.80,0
Pilas,Ideal,Otros,5262566913834,88,78.67,84.26,56.87,0
Licuadora,Dos Alamos,Electrodomésticos,1473365426350,52,49.48,45.14,38.87,0
Mantequilla,PF,Comestibles,9661072707214,70,42.80,51.01,36.16,0
Limpiavidrios,Soprole,Limpieza,7788741587135,23,12.99,12.77,9.68,0
Naranja,Ballerina,Comestibles,6205302814988,98,53.99,59.09,39.60,0
Mantequilla,La Fête,Comestibles,9063927154609,81,78.39,88.15,47.66,0
Cloro,Jumbo,Limpieza,7979306906959,28,67.59,61.31,56.29,0
Té,Nestlé,Comestibles,6940371073469,66,18.60,20.60,13.20,0
Pollo,La Fête,Comestibles,1038989970052,52,69.59,65.92,50.88,0
Lavaloza,Watts,Limpieza,4403059982122,57,9.41,8.97,7.73,0
Zanahoria,Nestlé,Comestibles,8788675311295,61,62.94,58.12,45.59,0
Azúcar,Jumbo,Comestibles,4247513128219,71,23.59,23.82,14.93,0
Papel higiénico,Jumbo,Higiene,2994774372822,40,61.96,59.22,42.95,0
Manzana,Savital,Comestibles,4872560559686,51,91.31,107.49,67.26,0
Servilletas,Colún,Otros,8114540886724,25,56.75,64.93,37.89,0
Refrigerador,Costa,Electrodomésticos,1034444659302,72,39.19,38.87,28.55,0
Leche,Escudo,Comestibles,8102067494468,81,84.19,81.08,57.02,0
Bolsa de basura,Lucchetti,Otros,1899734182688,61,65.99,64.70,55.20,0
Tomate,Carozzi,Comestibles,1555219492100,79,7.07,7.34,4.47,0
Microondas,Axion,Electrodomésticos,9240182042328,78,79.19,71.69,67.28,0
Detergente,Watts,Limpieza,4138643877945,28,42.66,48.72,34.48,0
Pilas,Soprole,Otros,3455610340162,38,11.82,12.79,8.90,0
Galletas,La Fête,Comestibles,3683713927354,75,60.03,67.42,38.11,0
Café,Jumbo,Comestibles,3035470814218,48,14.22,15.87,11.83,0
Hervidor,San Jorge,Electrodomésticos,8172072319009,66,90.55,90.69,64.07,0
Zanahoria,Duracell,Comestibles,4688396284635,19,93.41,88.07,69.09,0
Cebolla,Ballerina,Comestibles,9921935013119,96,51.69,51.05,40.06,0
Aceite,Energizer,Comestibles,4609973522194,61,71.16,79.24,53.27,0
Fósforos,Watts,Otros,7873444019835,41,4.98,4.94,3.01,0
Hervidor,Ideal,Electrodomésticos,7606902005491,21,75.19,87.01,59.08,0
Té,Lider,Comestibles,6844182157896,39,84.51,86.11,52.54,0
Pollo,PF,Comestibles,9192976640999,19,21.20,24.63,15.77,0
Pan,Nestlé,Comestibles,7378880436957,16,28.96,33.96,18.81,0
Cepillo de dientes,Pepsi,Higiene,5881682605309,41,84.42,95.16,65.60,0
Cereal,Watts,Comestibles,9315997881201,61,12.73,15.08,8.18,0
Taza medidora,La Fête,Cocina,2914039880246,30,23.33,24.24,15.40,0
Fideos,Nestlé,Comestibles,3153899132492,38,76.26,80.97,63.06,0
Pilas,Escudo,Otros,6824207374538,12,69.08,66.19,49.93,0
Pilas,Lider,Otros,8328826259068,11,14.73,14.56,12.02,0
Tostadora,Jumbo,Electrodomésticos,8229085529863,97,34.19,31.49,27.68,0
Tomate,Savital,Comestibles,4987041686676,93,14.77,13.32,9.78,0
Tostadora,Lider,Electrodomésticos,3843693565287,63,95.93,105.66,70.31,0
Tomate,Ballerina,Comestibles,2276964313119,39,21.36,20.65,15.49,0
Azúcar,PF,Comestibles,7763635152826,93,84.82,89.16,71.74,0
Bolsa de basura,Duracell,Otros,1777127813678,87,55.99,58.64,45.18,0
Arroz,Escudo,Comestibles,7731642867907,18,42.89,49.33,32.85,0
Pollo,Elite,Comestibles,3356093445606,35,9.88,10.51,7.50,0
Aceite,Duracell,Comestibles,7814821475268,64,45.62,45.05,32.20,0
Olla,Tottus,Cocina,9102074810286,92,37.81,34.42,30.42,0
Galletas,Costa,Comestibles,2522160944564,96,60.62,55.41,39.94,0
Harina,PF,Comestibles,9095007130676,61,59.14,67.07,46.66,0
Desodorante,San Jorge,Higiene,9233371890899,96,15.99,17.64,10.68,0
Jabón,Energizer,Higiene,7355962462650,19,90.40,90.73,63.72,0
Shampoo,Super Pollo,Higiene,8850116050352,98,38.36,39.73,24.41,0
Pera,Ideal,Comestibles,5016934221275,85,22.50,20.86,17.66,0
Tostadora,Cristal,Electrodomésticos,4028199956137,10,6.24,6.02,4.53,0
Papa,Unimarc,Comestibles,2810078324670,50,6.39,6.14,3.84,0
Tostadora,Escudo,Electrodomésticos,2539139016459,77,48.99,46.60,41.01,0
Pilas,Axion,Otros,2728300045673,16,23.09,22.64,17.60,0
Mantequilla,Super Pollo,Comestibles,6533210607821,79,53.15,54.63,33.28,0
Encendedor,Unimarc,Otros,6196502581569,93,22.69,26.16,18.75,0
Cebolla,Elite,Comestibles,4118541562473,51,62.09,68.43,41.41,0
Hervidor,Tottus,Electrodomésticos,7328664904285,27,82.92,87.93,61.75,0
Queso,Duracell,Comestibles,7882127778256,40,88.81,106.44,58.48,0
Limpiavidrios,Super Pollo,Limpieza,7524261125034,78,18.83,17.50,12.66,0
Papa,Lider,Comestibles,4645087709711,88,71.92,67.78,50.47,0
Tomate,Cristal,Comestibles,8402767014796,58,36.50,34.85,27.83,0
Pollo,Watts,Comestibles,3136040544448,88,77.05,89.14,47.44,0
Cebolla,Unimarc,Comestibles,7616623958823,89,59.92,64.03,43.41,0
Harina,Elite,Comestibles,2123187960762,12,92.42,85.28,74.13,0
Tostadora,Unimarc,Electrodomésticos,4843390374550,29,62.12,65.37,46.09,0
Tomate,Escudo,Comestibles,6112817793562,82,6.46,6.73,4.10,0
Azúcar,Capel,Comestibles,9602593711956,100,57.11,65.73,39.15,0
Detergente,Ambrosoli,Limpieza,6723511959538,87,63.59,72.27,49.39,0
Sal,Costa,Comestibles,5918533803045,64,57.33,67.29,43.41,0
Papa,Cristal,Comestibles,2687118782750,98,8.13,8.66,5.08,0
Carne de vacuno,Savital,Comestibles,8157193863539,88,47.00,44.88,28.21,0
Pasta dental,Lucchetti,Higiene,7751805512576,10,30.92,31.86,18.90,0
Zanahoria,Johnson & Johnson,Comestibles,3065306629301,17,12.93,13.42,10.01,0
Lavaloza,Carozzi,Limpieza,3581288693046,66,16.18,14.84,12.84,0
Tostadora,Unimarc,Electrodomésticos,7983514241142,88,16.91,15.60,10.32,0
Harina,Ideal,Comestibles,7776385886981,69,11.96,12.14,10.15,0
Tabla de picar,Soprole,Cocina,7152639682235,57,52.88,55.95,40.83,0
Tabla de picar,Energizer,Cocina,7888410054498,55,35.47,38.02,28.90,0
Hervidor,Jumbo,Electrodomésticos,4066391019852,85,92.55,111.06,58.88,0
Aceite,Johnson & Johnson,Comestibles,2699798899910,75,62.44,65.35,51.58,0
Pilas,La Fête,Otros,6368238761530,92,51.25,50.86,42.20,0
Sal,Carozzi,Comestibles,8734279935568,59,89.74,99.18,63.78,0
Rallador,Kimberly-Clark,Cocina,6381777082760,48,37.88,35.37,23.51,0
Papel higiénico,Escudo,Higiene,4413012442969,68,63.08,66.92,42.26,0
Desodorante,San Jorge,Higiene,6455421530727,62,11.89,10.73,9.14,0
Naranja,Jumbo,Comestibles,6556315494687,21,23.75,23.58,17.28,0
Fósforos,Escudo,Otros,8719086456594,65,3.21,3.82,2.48,0
Aceite,Jumbo,Comestibles,4413406952496,11,99.55,107.00,83.05,0
Manzana,Colún,Comestibles,9740508942608,76,93.83,97.35,78.05,0
Tostadora,Ambrosoli,Electrodomésticos,5541713445339,16,76.14,90.31,57.40,0
Tostadora,Nestlé,Electrodomésticos,5172942435960,93,3.21,3.55,2.03,0
Plátano,Jumbo,Comestibles,7312205572702,69,10.94,10.60,7.89,0
Jamón,Ideal,Comestibles,8445236009496,35,97.02,100.25,68.68,0
Pan,Ballerina,Comestibles,4212399704806,72,7.30,6.84,4.55,0
Cuchillo,Watts,Cocina,8185857216402,25,87.41,96.80,74.17,0
Leche,Lucchetti,Comestibles,4861678156751,16,61.29,73.50,46.57,0
Shampoo,Nestlé,Higiene,6246556746367,70,36.04,41.92,26.30,0
Pan,Ambrosoli,Comestibles,7615474257538,99,78.79,78.84,52.90,0
Hervidor,Costa,Electrodomésticos,1003562927586,32,72.54,76.51,51.02,0
Tabla de picar,San Jorge,Cocina,6148976143789,61,23.44,25.99,18.47,0
Desodorante,Costa,Higiene,4960813635383,50,19.39,19.91,14.01,0
Zanahoria,Axion,Comestibles,2136018128565,34,99.54,100.86,80.98,0
Manzana,Tottus,Comestibles,2664889312178,57,87.57,89.25,56.99,0
Té,Ballerina,Comestibles,6194768753371,65,4.21,4.63,2.77,0
Cebolla,Cristal,Comestibles,2785319772839,76,8.77,8.70,7.18,0
Microondas,Ideal,Electrodomésticos,6886404423527,75,95.58,114.57,66.58,0
Cereal,Kimberly-Clark,Comestibles,9302692623600,97,24.44,24.71,16.65,0
Mantequilla,San Jorge,Comestibles,3347367042720,77,14.65,16.94,11.70,0
Manzana,Lucchetti,Comestibles,6936124594468,93,71.39,76.30,60.42,0
Tabla de picar,Jumbo,Cocina,7772382362858,80,47.59,56.34,30.95,0
Sartén,Jumbo,Cocina,4862503907038,94,68.43,64.81,41.94,0
Cuchillo,Ideal,Cocina,4038154792826,99,19.05,21.03,12.76,0
Carne de vacuno,Super Pollo,Comestibles,6775837703264,56,13.67,15.13,9.52,0
Hervidor,PF,Electrodomésticos,5000813280640,22,75.99,79.61,49.21,0
Naranja,Nestlé,Comestibles,8762033425618,13,19.97,19.55,12.50,0
Plátano,Lucchetti,Comestibles,2050122864228,20,14.25,16.17,8.92,0
Pescado,Lider,Comestibles,7646250838886,27,49.08,54.56,39.00,0
Taza medidora,Ideal,Cocina,9625187596842,96,29.98,28.20,24.86,0
Pilas,Unilever,Otros,1760182930939,31,77.32,87.94,47.36,0
Fideos,Energizer,Comestibles,6788710277234,68,66.28,76.86,45.34,0
Naranja,Unilever,Comestibles,4699056336809,50,94.08,92.40,73.18,0
Fideos,Nestlé,Comestibles,8598393203658,18,99.86,92.13,71.00,0
Huevos,Soprole,Comestibles,5837023635446,69,32.76,33.06,24.14,0
Olla,Johnson & Johnson,Cocina,4732320044229,18,64.72,73.59,48.40,0
Queso,Costa,Comestibles,5260999262404,32,76.12,82.23,64.12,0
Galletas,Energizer,Comestibles,4030215111127,66,48.98,49.49,31.51,0
Leche,Cristal,Comestibles,4942428984602,23,2.10,2.41,1.56,0
Queso,Escudo,Comestibles,5535880161399,33,62.82,68.84,41.73,0
Cepillo de dientes,Elite,Higiene,3755842908662,48,85.58,78.59,68.73,0
Harina,Dos Alamos,Comestibles,4011419304762,29,43.01,44.82,28.93,0
Té,Duracell,Comestibles,9324566009673,25,7.63,8.46,5.07,0
Zanahoria,Escudo,Comestibles,9472083027878,94,11.54,10.48,9.13,0
Olla,Ideal,Cocina,8537735999299,60,89.67,97.04,72.22,0
Fósforos,Soprole,Otros,9753387450378,69,62.59,71.10,39.60,0
Papa,San Jorge,Comestibles,6367677849512,27,99.86,111.99,66.02,0
Té,Capel,Comestibles,9939267830608,62,89.69,85.95,65.21,0
Bolsa de basura,Tottus,Otros,1958494924838,73,15.33,14.52,11.59,0
Plátano,Johnson & Johnson,Comestibles,2002690294408,93,31.15,36.70,21.25,0
Microondas,Savital,Electrodomésticos,8214107466071,12,41.52,49.67,27.04,0
Servilletas,Colún,Otros,4832150974016,30,58.92,65.16,43.65,0
Tabla de picar,Nivea,Cocina,4134459207049,75,31.97,30.52,20.05,0
Fósforos,Elite,Otros,3780050941846,17,3.51,3.26,2.34,0
Galletas,Unilever,Comestibles,7523339408193,76,42.42,44.52,25.47,0
Arroz,Escudo,Comestibles,3765042588157,43,30.23,31.38,22.33,0
Microondas,Unilever,Electrodomésticos,9901184911849,37,73.75,85.60,47.13,0
Fideos,Soprole,Comestibles,1025068040216,59,20.85,24.44,13.61,0
Shampoo,PF,Higiene,9099640679620,20,17.11,16.60,13.63,0
Yogur,Kimberly-Clark,Comestibles,1935528653315,53,40.49,38.04,29.87,0
Leche,Tottus,Comestibles,5189923469885,32,40.67,41.27,30.86,0
Pescado,PF,Comestibles,6394320965744,61,31.71,30.05,22.11,0
Pera,Colún,Comestibles,8823459712020,41,49.24,46.99,40.21,0
Jabón,Capel,Higiene,5946804954922,53,58.62,54.17,44.28,0
Servilletas,Cristal,Otros,5122037863728,70,15.59,14.11,11.08,0
Sal,San Jorge,Comestibles,8648248688154,94,76.37,86.61,53.48,0
Sal,Energizer,Comestibles,4903030067018,88,57.60,53.35,46.73,0
Manzana,Unilever,Comestibles,5958979444816,79,93.18,90.43,78.05,0
Carne de vacuno,Cristal,Comestibles,8033557392938,34,64.18,66.21,39.63,0
Bolsa de basura,Ambrosoli,Otros,7227695042425,52,67.78,69.14,55.18,0
Shampoo,Savital,Higiene,8191277886554,58,47.93,55.99,36.04,0
Esponja,Soprole,Limpieza,7403945697057,43,61.77,71.22,51.07,0
Lavaloza,Nivea,Limpieza,3644421919605,97,83.27,85.44,63.68,0
Manzana,Lucchetti,Comestibles,7765462954567,33,49.59,47.65,38.58,0
Olla,Ideal,Cocina,9107670552277,11,9.88,11.52,8.32,0
Bolsa de basura,Elite,Otros,1348903079476,84,82.51,75.78,66.17,0
Harina,Capel,Comestibles,5052701752686,32,60.17,68.42,44.18,0
Olla,Nestlé,Cocina,1857885102217,74,25.58,29.75,19.48,0
Fideos,Coca-Cola,Comestibles,2075454736139,41,0.92,1.00,0.60,0
Yogur,Elite,Comestibles,3422450187041,78,55.35,64.18,34.74,0
Fósforos,PF,Otros,1320705349599,46,78.31,70.62,48.21,0
Desodorante,La Fête,Higiene,6947626926876,31,9.95,10.18,6.67,0
Desinfectante,Ambrosoli,Limpieza,5307707220186,39,55.25,54.72,46.01,0
Tabla de picar,Coca-Cola,Cocina,3618655919463,19,36.51,34.56,26.65,0
Microondas,Pepsi,Electrodomésticos,4496693364625,55,61.91,58.99,43.90,0
Refrigerador,Watts,Electrodomésticos,1363951014575,37,18.77,19.11,13.58,0
Tomate,Kimberly-Clark,Comestibles,1720796517272,18,31.97,30.68,23.41,0
Esponja,Colún,Limpieza,5534404461888,40,56.96,68.29,38.93,0
Bolsa de basura,Super Pollo,Otros,2996010609408,44,27.58,29.21,20.65,0
Galletas,Capel,Comestibles,3557437485612,43,58.26,62.66,40.32,0
Tomate,Lucchetti,Comestibles,7390482582169,68,60.86,65.60,38.29,0
Microondas,Tottus,Electrodomésticos,5266904121960,20,4.95,5.36,3.47,0
Hervidor,Nestlé,Electrodomésticos,7057042076908,91,15.25,15.24,11.70,0
Café,Ambrosoli,Comestibles,8864846513783,60,28.60,27.64,22.16,0
Shampoo,Dos Alamos,Higiene,8314608028935,100,26.32,28.41,18.69,0
Yogur,Energizer,Comestibles,5012776113360,31,57.15,62.58,42.64,0
Aceite,Soprole,Comestibles,2286894293641,26,16.88,19.05,11.76,0
Cuchillo,Ambrosoli,Cocina,5974703451552,93,66.30,74.57,51.15,0
Fideos,La Fête,Comestibles,9428777675545,31,40.13,39.82,32.03,0
Desodorante,Jumbo,Higiene,2209936727637,89,90.90,84.71,56.20,0
Tostadora,Pepsi,Electrodomésticos,6900830369895,98,52.15,58.29,38.02,0
Cereal,Carozzi,Comestibles,4005830032392,79,8.26,9.68,6.10,0
Shampoo,Unilever,Higiene,4850608565524,83,48.98,44.71,29.91,0
Aceite,Elite,Comestibles,7160473577273,18,26.01,29.02,17.39,0
Cebolla,Energizer,Comestibles,5540514424606,54,29.74,29.76,24.53,0
Pescado,Elite,Comestibles,6682520032022,99,95.39,89.55,64.16,0
Azúcar,Kimberly-Clark,Comestibles,6178590608795,39,43.75,50.55,36.47,0
Microondas,Cristal,Electrodomésticos,7330851441498,92,80.90,92.58,48.60,0
Rallador,Axion,Cocina,8159442647507,34,8.98,9.84,5.75,0
Rallador,Pepsi,Cocina,1018598346868,77,79.71,91.36,58.06,0
Pescado,Tottus,Comestibles,1731041696028,10,37.28,41.32,26.52,0
Galletas,Ballerina,Comestibles,9665656401963,49,79.42,92.22,64.06,0
Yogur,Savital,Comestibles,5056659306024,47,52.49,55.53,36.64,0
Carne de vacuno,Energizer,Comestibles,6336885260102,84,80.37,92.87,58.57,0
Lavaloza,Dos Alamos,Limpieza,8968839769255,19,29.21,29.36,21.36,0
Toallas femeninas,Lucchetti,Higiene,1782665723605,57,28.14,31.24,18.31,0
Cloro,Unilever,Limpieza,6635047704773,39,53.62,56.78,41.00,0
Shampoo,Nivea,Higiene,4773832518660,15,67.67,66.39,42.60,0
Tomate,Lider,Comestibles,1714897190110,81,26.88,27.43,18.70,0
Arroz,Capel,Comestibles,9241597907426,42,69.47,78.98,47.40,0
Licuadora,Energizer,Electrodomésticos,8727065259440,23,93.75,105.65,64.62,0
Tostadora,Lider,Electrodomésticos,3660383217194,71,48.92,52.52,33.97,0
Aceite,Tottus,Comestibles,9176802235920,36,6.18,6.82,5.10,0
Refrigerador,Nivea,Electrodomésticos,1448020269765,68,79.86,89.90,59.25,0
Carne de vacuno,Duracell,Comestibles,3791991820779,54,13.34,12.80,9.14,0
Tomate,Dos Alamos,Comestibles,4983369387953,40,67.97,74.24,43.12,0
Tomate,Escudo,Comestibles,4619678533560,53,30.73,36.26,23.40,0
Encendedor,Unilever,Otros,2194038097785,45,34.75,31.77,26.51,0
Harina,Lider,Comestibles,1850369660601,35,51.60,59.26,37.96,0
Mantequilla,Super Pollo,Comestibles,6419205352952,70,39.41,41.83,24.72,0
Cuchillo,Unilever,Cocina,4448824903091,37,11.89,13.59,9.05,0
Cloro,Cristal,Limpieza,3627842903607,14,55.20,63.00,36.68,0
Fósforos,Escudo,Otros,5973689175374,73,64.09,61.93,43.42,0
Sal,Savital,Comestibles,3441719999330,70,5.88,5.84,4.10,0
Café,Ambrosoli,Comestibles,3334783400722,80,82.29,88.84,66.33,0
Pescado,Dos Alamos,Comestibles,5653328269306,30,92.40,89.17,64.62,0
Limpiavidrios,Coca-Cola,Limpieza,8861083991984,80,17.94,17.43,12.22,0
Zanahoria,Coca-Cola,Comestibles,7836600473068,37,71.48,71.53,45.07,0
Tabla de picar,Dos Alamos,Cocina,3644399899643,64,72.91,71.66,51.99,0
Pescado,Unimarc,Comestibles,7900927596715,15,53.73,48.53,39.24,0
Cloro,Coca-Cola,Limpieza,2593071383911,83,73.33,76.63,45.02,0
Pera,Carozzi,Comestibles,7115916594988,93,92.56,97.21,77.14,0
Taza medidora,Super Pollo,Cocina,6936330736832,36,63.89,73.77,40.89,0
Tomate,Lucchetti,Comestibles,6977286648580,82,74.61,74.95,60.41,0
Aceite,Ideal,Comestibles,4109519853003,43,99.78,103.44,73.31,0
Manzana,Duracell,Comestibles,4570595775223,14,36.88,42.51,31.17,0
Pasta dental,Ambrosoli,Higiene,2759625073762,73,91.03,104.00,70.14,0
Pollo,Carozzi,Comestibles,8609206121349,73,95.47,94.58,80.30,0
Cuchillo,Unilever,Cocina,7237253114887,77,15.19,15.87,11.37,0
Huevos,Ideal,Comestibles,9039465103972,30,54.75,60.60,36.17,0
Zanahoria,Unilever,Comestibles,8297181817161,12,80.12,92.84,48.76,0
Carne de vacuno,Costa,Comestibles,7905148824715,18,23.48,27.52,18.31,0
Pera,Nivea,Comestibles,6175070997405,80,48.59,47.29,41.24,0
Shampoo,Cristal,Higiene,1150472839070,80,85.87,89.63,65.11,0
Fósforos,Costa,Otros,8627906108557,74,19.69,22.45,14.39,0
Limpiavidrios,Jumbo,Limpieza,4433843525136,20,40.01,47.39,33.85,0
Encendedor,Nestlé,Otros,5890005034511,58,61.42,66.08,48.96,0
Shampoo,Costa,Higiene,5009123308281,17,12.14,14.27,8.79,0
Galletas,Carozzi,Comestibles,3196607772900,63,76.83,90.42,51.01,0
Encendedor,Nestlé,Otros,2775847873404,42,62.91,57.65,38.46,0
Mantequilla,Dos Alamos,Comestibles,5764609639903,44,92.53,94.97,66.43,0
Mantequilla,Capel,Comestibles,3345920446021,98,38.18,37.20,30.85,0
Plátano,Carozzi,Comestibles,3567809526751,81,55.80,60.78,46.93,0
Pilas,Capel,Otros,1885523481661,45,12.24,14.05,8.55,0
Harina,Pepsi,Comestibles,6744404832791,59,94.03,99.60,65.33,0
Plátano,Elite,Comestibles,8609541499512,85,2.76,2.77,2.20,0
Arroz,Energizer,Comestibles,9877218571972,50,95.40,87.01,66.59,0
Limpiavidrios,Super Pollo,Limpieza,5016876416756,89,58.70,63.68,43.37,0
